{
  "version": "1",
  "region": "us-east-1",
  "userPoolId": "us-east-1_k4stA9RwJ",
  "userName": "03845137-649a-4291-bb14-f522e9387132",
  "callerContext": {
    "awsSdkVersion": "aws-sdk-unknown-unknown",
    "clientId": "32ni5iinrukqjagje6o6mnee0i"
  },
  "triggerSource": "PreSignUp_SignUp",
  "request": {
    "userAttributes": {
      "custom:letterId": "840333",
      "given_name": "CARYN",
      "family_name": "CHAMBERS",
      "custom:coverageId": "75779027",
      "email": "diraviyaa.elangovan@mindtree.com"
    },
    "validationData": "None"
  },
  "response": {
    "autoConfirmUser": "False",
    "autoVerifyEmail": "False",
    "autoVerifyPhone": "False"
  }
}