{
  "merchantId": "100",
  "reportGroup": "ISG",
  "coverageId": "0100500",
  "letterId": "5234620",
  "billigId": "5234620",
  "amount": "40000",
  "orderSource": "ecommerce",
  "usernameLoggedIn": "John Smith",
  "cardholdername":"Bob Black",
  "addressLine1": "100 Main St",
  "addressLine2": "100 Main St",
  "addressLine3": "100 Main St",
  "state": "MA",
  "city": "MA",
  "zip": "12345",
  "email": "delangovan@franklin-madison.com",
  "cardNumber": "4005550000081019",
  "cardType": "VI",
  "expDate": "1210",
  "cardValidationNum": "555",
  "premiumDueDate": "050119",
  "premiumDue": "75.00",
  "premiumPeriod": "120117",
  "effectiveDate":"December 01, 2017",
  "coverageType":"FAMILY",
  "billFreq":"QUATERLY"
}